[
  {
    "id": "f796618d-fc2d-4e46-8a02-c940397c405f",
    "data": [
      {
        "text": "4th",
        "meta": "@sys.ignore",
        "userDefined": false
      }
    ],
    "isTemplate": false,
    "count": 0,
    "lang": "en",
    "updated": 0
  },
  {
    "id": "267287d0-1cbe-418c-8209-e59e020545e2",
    "data": [
      {
        "text": "4 th",
        "meta": "@sys.ignore",
        "userDefined": false
      }
    ],
    "isTemplate": false,
    "count": 0,
    "lang": "en",
    "updated": 0
  },
  {
    "id": "0af50c41-e99c-4040-87d1-c1e8e829116f",
    "data": [
      {
        "text": "fourth",
        "meta": "@sys.ignore",
        "userDefined": false
      }
    ],
    "isTemplate": false,
    "count": 0,
    "lang": "en",
    "updated": 0
  },
  {
    "id": "bc74e8f3-4477-4ff5-b917-38011ebd92ac",
    "data": [
      {
        "text": "four",
        "meta": "@sys.ignore",
        "userDefined": false
      }
    ],
    "isTemplate": false,
    "count": 0,
    "lang": "en",
    "updated": 0
  },
  {
    "id": "c3d8623a-7551-4300-978c-f70cee7e1cf8",
    "data": [
      {
        "text": "4",
        "meta": "@sys.ignore",
        "userDefined": false
      }
    ],
    "isTemplate": false,
    "count": 0,
    "lang": "en",
    "updated": 0
  },
  {
    "id": "f8941aab-b189-4c76-9e84-532f56142b7a",
    "data": [
      {
        "text": "burger",
        "userDefined": false
      }
    ],
    "isTemplate": false,
    "count": 0,
    "lang": "en",
    "updated": 0
  }
]