[
  {
    "id": "d42bb503-438f-4c96-b294-2b0e9b4ef406",
    "data": [
      {
        "text": "one",
        "meta": "@sys.ignore",
        "userDefined": false
      }
    ],
    "isTemplate": false,
    "count": 0,
    "lang": "en",
    "updated": 0
  },
  {
    "id": "ded4685a-356f-471a-b950-43b99eb42296",
    "data": [
      {
        "text": "first",
        "meta": "@sys.ignore",
        "userDefined": false
      }
    ],
    "isTemplate": false,
    "count": 0,
    "lang": "en",
    "updated": 0
  },
  {
    "id": "79dcfd05-3152-4301-bc1b-ed4b702bdb4e",
    "data": [
      {
        "text": "1",
        "meta": "@sys.ignore",
        "userDefined": false
      }
    ],
    "isTemplate": false,
    "count": 0,
    "lang": "en",
    "updated": 0
  },
  {
    "id": "de6f0c02-d4b8-490b-afbb-a6bce1d2bdce",
    "data": [
      {
        "text": "chhole bhature",
        "userDefined": false
      }
    ],
    "isTemplate": false,
    "count": 0,
    "lang": "en",
    "updated": 0
  }
]