[
  {
    "id": "839572d4-8ddc-4e0e-a0d7-5b69dac1d4c6",
    "data": [
      {
        "text": "drink \u0026 dessert",
        "userDefined": false
      }
    ],
    "isTemplate": false,
    "count": 0,
    "lang": "en",
    "updated": 0
  },
  {
    "id": "73f6eb01-e03e-46c6-9ff0-4da24a02c544",
    "data": [
      {
        "text": "dessert \u0026 drink",
        "userDefined": false
      }
    ],
    "isTemplate": false,
    "count": 0,
    "lang": "en",
    "updated": 0
  },
  {
    "id": "b7bdb8f5-820b-494b-bf4c-770ca5a17559",
    "data": [
      {
        "text": "dessert and drink",
        "userDefined": false
      }
    ],
    "isTemplate": false,
    "count": 0,
    "lang": "en",
    "updated": 0
  },
  {
    "id": "5798d040-4902-4c05-8fc0-a132de388244",
    "data": [
      {
        "text": "drinks and dessert",
        "userDefined": false
      }
    ],
    "isTemplate": false,
    "count": 0,
    "lang": "en",
    "updated": 0
  },
  {
    "id": "75213d3a-c6c1-4678-953c-bb2180ef611c",
    "data": [
      {
        "text": "drinks",
        "userDefined": false
      }
    ],
    "isTemplate": false,
    "count": 0,
    "lang": "en",
    "updated": 0
  },
  {
    "id": "87df260f-217c-4788-9241-cf8efcd7ed73",
    "data": [
      {
        "text": "2 nd",
        "meta": "@sys.ignore",
        "userDefined": false
      }
    ],
    "isTemplate": false,
    "count": 0,
    "lang": "en",
    "updated": 0
  },
  {
    "id": "bde9f858-ee34-4fb9-afce-ed85e7a7c32c",
    "data": [
      {
        "text": "2nd",
        "meta": "@sys.ignore",
        "userDefined": false
      }
    ],
    "isTemplate": false,
    "count": 0,
    "lang": "en",
    "updated": 0
  },
  {
    "id": "9748a699-8c1d-4f89-ae3b-5491efa99125",
    "data": [
      {
        "text": "desert",
        "userDefined": false
      }
    ],
    "isTemplate": false,
    "count": 0,
    "lang": "en",
    "updated": 0
  },
  {
    "id": "f9a0395d-b5e0-48cc-beb8-afcd30d2e8af",
    "data": [
      {
        "text": "dessert",
        "userDefined": false
      }
    ],
    "isTemplate": false,
    "count": 0,
    "lang": "en",
    "updated": 0
  },
  {
    "id": "4bb81609-a974-4241-8788-81bcc4973aab",
    "data": [
      {
        "text": "second",
        "meta": "@sys.ignore",
        "userDefined": false
      }
    ],
    "isTemplate": false,
    "count": 0,
    "lang": "en",
    "updated": 0
  },
  {
    "id": "2f703fad-fb1b-4956-9d73-2184a921850c",
    "data": [
      {
        "text": "2",
        "meta": "@sys.ignore",
        "userDefined": false
      }
    ],
    "isTemplate": false,
    "count": 0,
    "lang": "en",
    "updated": 0
  }
]