[
  {
    "id": "7929f7ec-29ea-4910-a0bc-9004b0b99f81",
    "data": [
      {
        "text": "one",
        "userDefined": false
      }
    ],
    "isTemplate": false,
    "count": 0,
    "lang": "en",
    "updated": 0
  },
  {
    "id": "e90925ae-20b3-4293-8f7c-992472d6ef12",
    "data": [
      {
        "text": "first",
        "meta": "@sys.ignore",
        "userDefined": false
      }
    ],
    "isTemplate": false,
    "count": 0,
    "lang": "en",
    "updated": 0
  },
  {
    "id": "f4afabb1-816f-4931-ae92-c242c4e98e66",
    "data": [
      {
        "text": "main course",
        "userDefined": false
      }
    ],
    "isTemplate": false,
    "count": 0,
    "lang": "en",
    "updated": 0
  },
  {
    "id": "7011ae3c-0dd4-42f8-97e7-f56d526a6dee",
    "data": [
      {
        "text": "main",
        "userDefined": false
      }
    ],
    "isTemplate": false,
    "count": 0,
    "lang": "en",
    "updated": 0
  },
  {
    "id": "5507da4a-9190-4c03-b8a5-f1f600eae741",
    "data": [
      {
        "text": "1",
        "meta": "@sys.ignore",
        "userDefined": false
      }
    ],
    "isTemplate": false,
    "count": 0,
    "lang": "en",
    "updated": 0
  }
]