[
  {
    "id": "5de2e601-af51-45d1-93e9-594229a6bf59",
    "data": [
      {
        "text": "pizza",
        "userDefined": false
      }
    ],
    "isTemplate": false,
    "count": 0,
    "lang": "en",
    "updated": 0
  },
  {
    "id": "b905a44b-027d-41e4-90c3-dbb7332d01fa",
    "data": [
      {
        "text": "three",
        "meta": "@sys.ignore",
        "userDefined": false
      }
    ],
    "isTemplate": false,
    "count": 0,
    "lang": "en",
    "updated": 0
  },
  {
    "id": "8969d0f7-4613-4bb2-abc1-02535a72566d",
    "data": [
      {
        "text": "third",
        "meta": "@sys.ignore",
        "userDefined": false
      }
    ],
    "isTemplate": false,
    "count": 0,
    "lang": "en",
    "updated": 0
  },
  {
    "id": "bf3593f2-6bec-4077-a73e-957237da8c67",
    "data": [
      {
        "text": "3rd",
        "meta": "@sys.ignore",
        "userDefined": false
      }
    ],
    "isTemplate": false,
    "count": 0,
    "lang": "en",
    "updated": 0
  },
  {
    "id": "64af9b42-dda5-45b9-a3f1-e063d64680e3",
    "data": [
      {
        "text": "3 rd",
        "meta": "@sys.ignore",
        "userDefined": false
      }
    ],
    "isTemplate": false,
    "count": 0,
    "lang": "en",
    "updated": 0
  },
  {
    "id": "9fba0cc7-8519-4227-8f1c-c68d2c33985a",
    "data": [
      {
        "text": "3",
        "meta": "@sys.ignore",
        "userDefined": false
      }
    ],
    "isTemplate": false,
    "count": 0,
    "lang": "en",
    "updated": 0
  }
]