[
  {
    "id": "24fe704b-98b2-407d-b7f1-d89b822b4890",
    "data": [
      {
        "text": "place",
        "userDefined": false
      }
    ],
    "isTemplate": false,
    "count": 0,
    "lang": "en",
    "updated": 0
  },
  {
    "id": "3eea8f3f-df22-474c-ac42-4281b2ca51d4",
    "data": [
      {
        "text": "place my order",
        "userDefined": false
      }
    ],
    "isTemplate": false,
    "count": 0,
    "lang": "en",
    "updated": 0
  },
  {
    "id": "bd580b18-c3cd-4d54-a737-a44d79c7f4a9",
    "data": [
      {
        "text": "order",
        "userDefined": false
      }
    ],
    "isTemplate": false,
    "count": 0,
    "lang": "en",
    "updated": 0
  },
  {
    "id": "198ec0b8-112c-47b3-b727-0d3337a9bd22",
    "data": [
      {
        "text": "place order",
        "userDefined": false
      }
    ],
    "isTemplate": false,
    "count": 0,
    "lang": "en",
    "updated": 0
  }
]