[
  {
    "id": "0d69f46a-b749-43b7-bfa1-0f700a974a45",
    "data": [
      {
        "text": "two",
        "meta": "@sys.ignore",
        "userDefined": false
      }
    ],
    "isTemplate": false,
    "count": 0,
    "lang": "en",
    "updated": 0
  },
  {
    "id": "082d8954-2bb5-42d4-a3e5-94724ac578ad",
    "data": [
      {
        "text": "second",
        "meta": "@sys.ignore",
        "userDefined": false
      }
    ],
    "isTemplate": false,
    "count": 0,
    "lang": "en",
    "updated": 0
  },
  {
    "id": "c66bdd46-28b8-4363-aec9-9b1af0312e6f",
    "data": [
      {
        "text": "2",
        "meta": "@sys.ignore",
        "userDefined": false
      }
    ],
    "isTemplate": false,
    "count": 0,
    "lang": "en",
    "updated": 0
  },
  {
    "id": "dd1559a5-5587-441a-b814-9fedf415bd85",
    "data": [
      {
        "text": "sandwich",
        "userDefined": false
      }
    ],
    "isTemplate": false,
    "count": 0,
    "lang": "en",
    "updated": 0
  }
]